company_name,homepage_url,contact_url,email,phone,address,source_url
阿佐建築工務株式会社,https://asakenchiku.com,https://asakenchiku.com/contact/index.html,,072-675-2170,,https://asakenchiku.com
岡崎建設株式会社,http://okazaki-const.jp,http://okazaki-const.jp/%e3%81%8a%e5%95%8f%e3%81%84%e5%90%88%e3%82%8f%e3%81%9b/,,,,http://okazaki-const.jp
田中建設株式会社,https://www.tanakakensetu-f.jp,https://www.tanakakensetu-f.jp/contact/,,0778-22-5255,〒915-0806　福井県 越前市 本保町 21号10番地 お問合せは  Tel.0778-22-5255,https://www.tanakakensetu-f.jp
株式会社深松組 公式HP,https://www.fukamatsugumi.co.jp,https://www.fukamatsugumi.co.jp/contact/,,022-271-9211,〒981-0966　仙台市青葉区荒巻本沢二丁目18番1号 TEL 022-271-9211 / FAX 022-275-,https://www.fukamatsugumi.co.jp
お知らせ,https://www.tochimira.co.jp,https://www.tochimira.co.jp/contact/,,0282-24-5687,〒328-0075 栃木県栃木市箱森町19-26 店舗詳細 Copyright(c) とちぎ未来開発株式会社 .All ,https://www.tochimira.co.jp
マルホ建設株式会社,https://maruho-kensetsu.co.jp,https://maruho-kensetsu.co.jp/25-2/,info@maruho-kensetsu.co.jp,0287-23-1044,,https://maruho-kensetsu.co.jp
くらしはクラハシ。青森市の建設会社　倉橋建設株式会社,https://www.kurahashi-co.jp,https://www.kurahashi-co.jp/contact,,017-734-3611,〒030-0821 青森県青森市勝田2丁目2番17号 tel. 017-734-3611／fax. 017-734-36,https://www.kurahashi-co.jp
株式会社宇佐美・工業　土木、舗装、解体、外構、地盤改良、地盤調査、測量、設計、調査など民間工事及び公共工事まで幅広く対応,https://usami-k.com,https://usami-k.com/contact,,096-368-4700,〒861-8043　熊本県熊本市東区戸島西1丁目5-35 TEL. 096-368-4700 受付時間／9:00〜19:,https://usami-k.com
富山県の総合建設会社　株式会社岡部,https://www.okabe-net.co.jp,https://www.okabe-net.co.jp/contact/,,,,https://www.okabe-net.co.jp
宮崎建設株式会社は、ヒューマンスペースクリエーターとして未来の建築に挑戦します。,http://miyazaki-kensetu.co.jp,http://miyazaki-kensetu.co.jp/contact/,,06-6401-2621,〒660-0815 兵庫県尼崎市杭瀬北新町1丁目5番11号 お問い合わせ お車でお越しの方へ Copyright © M,http://miyazaki-kensetu.co.jp
福岡・山口｜マンション・商業開発・土地活用・新築一戸建て｜株式会社安成工務店,https://www.yasunari-komuten.com,https://www.yasunari-komuten.com/contact,,083-252-2419,〒751-0865　山口県下関市綾羅木新町3-7-1 TEL 083-252-2419　FAX 083-252-2720,https://www.yasunari-komuten.com
ニュース,https://www.sgc-web.co.jp,https://www.sgc-web.co.jp/contact/,,,〒532-0013 大阪府大阪市淀川区木川西2丁目2番5号 三和グループホールディングス株式会社 〒532-0013 大,https://www.sgc-web.co.jp
和建設株式会社 コーポレートウェブサイト,https://www.kano-kensetsu.com,https://www.kano-kensetsu.com/support/contact,,088-885-5888,〒780-0056 高知市北本町4丁目3-25 088-885-5888 （代表） 088-885-5888 （代表） ,https://www.kano-kensetsu.com
株式会社 渡辺組 – いわき市の土木建築不動産は株式会社渡辺組にお任せ下さい,http://www.wacon21.co.jp,https://www.wacon21.co.jp/watanabe/wcon-contact/,,0246-43-2981,〒972-8318　福島県いわき市常磐関船町一丁目7番地の14 TEL　0246-43-2981 FAX　0246-43,http://www.wacon21.co.jp
株式会社久保工　千代田区神田の建設業,https://www.kuboco.co.jp,https://www.kuboco.co.jp/contact/,,03-3259-9050,〒101-0053　東京都千代田区神田美土代町3番地3 TEL:03-3259-9050（代表） ・TOPページ ・イン,https://www.kuboco.co.jp
西田工業株式会社｜コーポレートサイト,http://nishidakougyou.co.jp,,,,,http://nishidakougyou.co.jp
ミタニ建設工業株式会社,https://www.mitaken.co.jp,,,,,https://www.mitaken.co.jp
澤田建設株式会社,https://www.sawata.com,https://www.sawata.com/contact,,0835-22-2634,〒747-0054　山口県防府市開出西町23番1号 お問い合わせはこちら 管理部： TEL 0835-22-2634 （,https://www.sawata.com
株式会社まつもとコーポレーション,https://www.matsu-co.com,https://www.matsu-co.com/inquiry,,086-230-1155,"〒700-0822 岡山県岡山市北区表町三丁目14番1号",https://www.matsu-co.com
